{"Progress": 116, "_timestamp": 1701835266, "_runtime": 49, "Synthetic_LR": 0.028181549161672592, "Grand_Loss": 0.8782403469085693, "Start_Epoch": 3, "_step": 116, "_wandb": {"runtime": 51}}